,Id,UserId,Name,Date,Class
0,1,2,Autobiographer,2010-07-20T19:07:22.990,3
1,2,3,Autobiographer,2010-07-20T19:07:23.023,3
2,3,5,Autobiographer,2010-07-20T19:07:23.100,3
3,4,6,Autobiographer,2010-07-20T19:07:23.163,3
4,5,8,Autobiographer,2010-07-20T19:07:23.180,3
5,6,10,Autobiographer,2010-07-20T19:07:23.193,3
6,7,12,Autobiographer,2010-07-20T19:07:23.210,3
7,8,13,Autobiographer,2010-07-20T19:07:23.210,3
8,9,17,Autobiographer,2010-07-20T19:07:23.227,3
9,10,18,Autobiographer,2010-07-20T19:07:23.240,3
10,11,20,Autobiographer,2010-07-20T19:07:23.257,3
11,12,22,Autobiographer,2010-07-20T19:07:23.273,3
12,13,21,Autobiographer,2010-07-20T19:12:23.480,3
13,14,24,Autobiographer,2010-07-20T19:12:23.510,3
14,15,28,Autobiographer,2010-07-20T19:12:23.557,3
15,16,6,Student,2010-07-20T19:17:23.000,3
16,17,10,Student,2010-07-20T19:17:23.200,3
17,18,2,Supporter,2010-07-20T19:17:23.437,3
18,19,34,Supporter,2010-07-20T19:17:23.483,3
19,20,30,Autobiographer,2010-07-20T19:17:23.670,3
20,21,31,Autobiographer,2010-07-20T19:17:23.700,3
21,22,34,Autobiographer,2010-07-20T19:17:23.747,3
22,23,35,Autobiographer,2010-07-20T19:17:23.780,3
23,24,36,Autobiographer,2010-07-20T19:17:23.827,3
24,25,38,Autobiographer,2010-07-20T19:17:23.857,3
25,26,4,Supporter,2010-07-20T19:22:22.893,3
26,27,41,Autobiographer,2010-07-20T19:22:22.923,3
27,28,43,Autobiographer,2010-07-20T19:22:22.957,3
28,29,45,Autobiographer,2010-07-20T19:22:22.987,3
29,30,46,Autobiographer,2010-07-20T19:22:23.003,3
30,31,47,Autobiographer,2010-07-20T19:22:23.033,3
31,32,48,Autobiographer,2010-07-20T19:22:23.050,3
32,33,49,Autobiographer,2010-07-20T19:22:23.080,3
33,34,8,Teacher,2010-07-20T19:27:23.037,3
34,35,16,Teacher,2010-07-20T19:27:23.333,3
35,36,33,Teacher,2010-07-20T19:27:23.707,3
36,37,35,Teacher,2010-07-20T19:27:23.973,3
37,38,38,Teacher,2010-07-20T19:27:24.190,3
38,39,45,Teacher,2010-07-20T19:27:24.427,3
39,40,53,Teacher,2010-07-20T19:27:24.597,3
40,41,29,Student,2010-07-20T19:27:24.707,3
41,42,38,Student,2010-07-20T19:27:24.817,3
42,43,41,Editor,2010-07-20T19:27:24.847,3
43,44,8,Supporter,2010-07-20T19:27:24.910,3
44,45,10,Supporter,2010-07-20T19:27:24.957,3
45,46,11,Supporter,2010-07-20T19:27:24.970,3
46,47,16,Supporter,2010-07-20T19:27:24.970,3
47,48,22,Supporter,2010-07-20T19:27:24.987,3
48,49,28,Supporter,2010-07-20T19:27:25.003,3
49,50,37,Supporter,2010-07-20T19:27:25.033,3
50,51,40,Supporter,2010-07-20T19:27:25.033,3
51,52,41,Supporter,2010-07-20T19:27:25.050,3
52,53,49,Supporter,2010-07-20T19:27:25.080,3
53,54,55,Supporter,2010-07-20T19:27:25.113,3
54,55,16,Critic,2010-07-20T19:27:25.190,3
55,56,53,Autobiographer,2010-07-20T19:27:25.237,3
56,57,54,Autobiographer,2010-07-20T19:27:25.347,3
57,59,10,Scholar,2010-07-20T19:27:25.487,3
58,60,17,Teacher,2010-07-20T19:32:22.947,3
59,61,22,Teacher,2010-07-20T19:32:23.557,3
60,62,49,Teacher,2010-07-20T19:32:23.617,3
61,63,50,Teacher,2010-07-20T19:32:23.663,3
62,64,51,Teacher,2010-07-20T19:32:23.710,3
63,65,52,Teacher,2010-07-20T19:32:23.867,3
64,66,55,Teacher,2010-07-20T19:32:23.930,3
65,67,56,Teacher,2010-07-20T19:32:24.040,3
66,68,41,Student,2010-07-20T19:32:24.147,3
67,69,15,Supporter,2010-07-20T19:32:24.193,3
68,70,35,Supporter,2010-07-20T19:32:24.257,3
69,71,35,Critic,2010-07-20T19:32:24.303,3
70,72,50,Critic,2010-07-20T19:32:24.337,3
71,73,60,Autobiographer,2010-07-20T19:32:24.350,3
72,74,19,Teacher,2010-07-20T19:37:23.013,3
73,75,34,Teacher,2010-07-20T19:37:23.183,3
74,76,48,Teacher,2010-07-20T19:37:23.293,3
75,77,38,Editor,2010-07-20T19:37:23.373,3
76,78,59,Editor,2010-07-20T19:37:23.480,3
77,79,40,Organizer,2010-07-20T19:37:23.667,3
78,80,54,Supporter,2010-07-20T19:37:23.700,3
79,81,56,Supporter,2010-07-20T19:37:23.713,3
80,82,59,Supporter,2010-07-20T19:37:23.713,3
81,83,62,Supporter,2010-07-20T19:37:23.713,3
82,84,67,Supporter,2010-07-20T19:37:23.713,3
83,85,40,Critic,2010-07-20T19:37:23.730,3
84,86,67,Autobiographer,2010-07-20T19:37:23.747,3
85,87,59,Teacher,2010-07-20T19:42:22.940,3
86,88,17,Student,2010-07-20T19:42:23.173,3
87,89,54,Editor,2010-07-20T19:42:23.220,3
88,90,3,Supporter,2010-07-20T19:42:23.313,3
89,91,50,Supporter,2010-07-20T19:42:23.377,3
90,92,68,Supporter,2010-07-20T19:42:23.407,3
91,94,6,Critic,2010-07-20T19:42:23.563,3
92,96,40,Scholar,2010-07-20T19:42:24.327,3
93,97,40,Teacher,2010-07-20T19:47:22.990,3
94,98,59,Student,2010-07-20T19:47:23.037,3
95,99,52,Supporter,2010-07-20T19:47:23.113,3
96,100,63,Supporter,2010-07-20T19:47:23.130,3
97,101,64,Supporter,2010-07-20T19:47:23.143,3
98,102,71,Supporter,2010-07-20T19:47:23.160,3
99,103,76,Supporter,2010-07-20T19:47:23.160,3
